 ,File1,File2,File3,File4,File5,File6,File7,File8
file1,1,1,0.850615,0.84805,0.442866,0.437428,0.994075,0.994075,
file2,1,1,0.850615,0.84805,0.442866,0.437428,0.994075,0.994075,
file3,0.850615,0.850615,1,0.993651,0.510777,0.506133,0.855685,0.855685,
file4,0.84805,0.84805,0.993651,1,0.51404,0.509367,0.853104,0.853104,
file5,0.442866,0.442866,0.510777,0.51404,1,0.981532,0.445506,0.445506,
file6,0.437428,0.437428,0.506133,0.509367,0.981532,1,0.440035,0.440035,
file7,0.994075,0.994075,0.855685,0.853104,0.445506,0.440035,1,1,
file8,0.994075,0.994075,0.855685,0.853104,0.445506,0.440035,1,1,
