 ,File1,File2,File3,File4,File5,File6,File7,File8
file1,1,0.270024,0.854166,0.85251,0.438319,0.433031,0.992154,0.992154,
file2,0.270024,1,0.269862,0.27234,0.486471,0.496215,0.272159,0.272159,
file3,0.854166,0.269862,1,0.990901,0.505019,0.499991,0.860921,0.860921,
file4,0.85251,0.27234,0.990901,1,0.509657,0.504583,0.859252,0.859252,
file5,0.438319,0.486471,0.505019,0.509657,1,0.980362,0.441785,0.441785,
file6,0.433031,0.496215,0.499991,0.504583,0.980362,1,0.436456,0.436456,
file7,0.992154,0.272159,0.860921,0.859252,0.441785,0.436456,1,1,
file8,0.992154,0.272159,0.860921,0.859252,0.441785,0.436456,1,1,
