 ,File1,File2,File3,File4,File5,File6
file1,1,0.992683,0.60669,0.709918,0.60669,0.572392,
file2,0.992683,1,0.582457,0.709662,0.582457,0.567695,
file3,0.60669,0.582457,1,0.733187,1,0.70496,
file4,0.709918,0.709662,0.733187,1,0.733187,0.656525,
file5,0.60669,0.582457,1,0.733187,1,0.70496,
file6,0.572392,0.567695,0.70496,0.656525,0.70496,1,
