 ,File1,File2,File3,File4,File5,File6
file1,1,0.90379,0.82682,0.880216,0.82682,0.826252,
file2,0.90379,1,0.803389,0.839342,0.803389,0.795548,
file3,0.82682,0.803389,1,0.898198,1,0.894477,
file4,0.880216,0.839342,0.898198,1,0.898198,0.908295,
file5,0.82682,0.803389,1,0.898198,1,0.894477,
file6,0.826252,0.795548,0.894477,0.908295,0.894477,1,
