 ,file1,file2,file3,file4,file5
file1,1,0.995624,0.548437,0.634457,0.548437,
file2,0.995624,1,0.528492,0.633514,0.528492,
file3,0.548437,0.528492,1,0.737737,1,
file4,0.634457,0.633514,0.737737,1,0.737737,
file5,0.548437,0.528492,1,0.737737,1,
